"X.1","X","name","album","release_date","track_number","id","acousticness","danceability","energy","instrumentalness","liveness","loudness","speechiness","tempo","valence","popularity","duration_ms"
43,42,"Anti-Hero","Midnights","2022-10-21",3,"0V3wPSX9ygBnCm8psDIegu",0.13,0.637,0.643,1.8e-06,0.142,-6.571,0.0519,97.008,0.533,92,200690
41,40,"Lavender Haze","Midnights","2022-10-21",1,"5jQI2r1RdgtuT8S3iG8zFC",0.258,0.733,0.436,0.000573,0.157,-10.489,0.08,96.985,0.0976,85,202395
402,401,"Don’t Blame Me","reputation","2017-11-10",4,"1R0a2iXumgCiFb7HEZ7gUE",0.106,0.615,0.534,1.76e-05,0.0607,-6.719,0.0386,135.917,0.193,84,236413
46,45,"Midnight Rain","Midnights","2022-10-21",6,"3rWDp9tBPQR9z6U5YyRSK4",0.69,0.643,0.363,5.17e-05,0.115,-11.738,0.0767,139.865,0.23,83,174782
44,43,"Snow On The Beach (feat. Lana Del Rey)","Midnights","2022-10-21",4,"1wtOxkiel43cVs0Yux5Q4h",0.69,0.663,0.319,0.000993,0.117,-13.481,0.0375,109.957,0.193,81,256124
335,334,"cardigan","folklore","2020-07-24",2,"4R2kfaDFhslZEMJqAFNpdd",0.537,0.613,0.581,0.000345,0.25,-8.588,0.0424,130.033,0.551,81,239560
368,367,"Lover","Lover","2019-08-23",3,"1dGr1c8CrMLDpV6mPbImSI",0.492,0.359,0.543,1.58e-05,0.118,-7.582,0.0919,68.534,0.453,81,221306
671,670,"Blank Space","1989 (Deluxe)","2014-01-01",2,"1u8c2t2Cy7UBoG4ArRcF5g",0.103,0.76,0.703,0,0.0913,-5.412,0.054,95.997,0.57,81,231826
45,44,"You're On Your Own, Kid","Midnights","2022-10-21",5,"4D7BCuvgdJlYvlX5WlN54t",0.401,0.696,0.396,5.2e-06,0.125,-10.289,0.0656,120.041,0.38,80,194206
49,48,"Bejeweled","Midnights","2022-10-21",9,"3qoftcUZaUOncvIYjFSPdE",0.0618,0.696,0.559,5.58e-05,0.0887,-9.19,0.0693,163.999,0.433,80,194165
51,50,"Karma","Midnights","2022-10-21",11,"7KokYm8cMIXCsGVmUvKtqf",0.0734,0.642,0.62,0,0.483,-7.091,0.0666,90.02,0.0969,80,204852
341,340,"august","folklore","2020-07-24",8,"3hUxzQpSfdDqwM3ZTFQY0K",0.538,0.532,0.623,7.28e-05,0.0925,-9.208,0.0331,89.937,0.403,80,261922
367,366,"Cruel Summer","Lover","2019-08-23",2,"1BxfuPKGuaTgP7aM0Bbdwr",0.117,0.552,0.702,2.06e-05,0.105,-5.707,0.157,169.994,0.564,80,178426
14,13,"The Great War","Midnights (3am Edition)","2022-10-22",14,"3UMrglJeju5yWyYIW6o99b",0.219,0.573,0.741,2.23e-05,0.0842,-8.987,0.0353,96.016,0.554,79,240355
42,41,"Maroon","Midnights","2022-10-21",2,"3eX0NZfLtGzoLUxPNvRfqm",0.0573,0.637,0.398,1.03e-06,0.101,-8.294,0.0564,108.075,0.0374,79,218270
96,95,"All Too Well (10 Minute Version) (Taylor's Version) (From The Vault)","Red (Taylor's Version)","2021-11-12",30,"5enxwA8aAbwZbf5qCHORXi",0.274,0.631,0.518,0,0.088,-8.771,0.0303,93.023,0.205,79,613026
19,18,"Would've, Could've, Should've","Midnights (3am Edition)","2022-10-22",19,"0aV5uARAknQgYhBaK944FP",0.43,0.483,0.84,0.000575,0.146,-6.508,0.119,157.979,0.55,78,260361
373,372,"Paper Rings","Lover","2019-08-23",8,"4y5bvROuBDPr5fuwXbIBZR",0.0129,0.811,0.719,1.36e-05,0.0742,-6.553,0.0497,103.979,0.865,78,222400
675,674,"Shake It Off","1989 (Deluxe)","2014-01-01",6,"0cqRj7pUJDkTCEsJkx8snD",0.0647,0.647,0.8,0,0.334,-5.384,0.165,160.078,0.942,78,219200
48,47,"Vigilante Shit","Midnights","2022-10-21",8,"1xwAWUI6Dj0WGC3KiUPN0O",0.173,0.798,0.277,5.25e-05,0.121,-11.096,0.39,79.846,0.163,77,164801
136,135,"The Way I Loved You (Taylor’s Version)","Fearless (Taylor's Version)","2021-04-09",10,"22bPsP2jCgbLUvh82U0Z3M",0.0033,0.402,0.732,0,0.108,-4.665,0.0484,161.032,0.472,77,243136
407,406,"Getaway Car","reputation","2017-11-10",9,"0VE4kBnHJUgtMf0dy6DRmW",0.00465,0.562,0.689,2.23e-06,0.0888,-6.745,0.127,172.054,0.351,77,233626
672,671,"Style","1989 (Deluxe)","2014-01-01",3,"0ug5NqcwcFR2xrfTkc7k8e",0.00245,0.588,0.791,0.00258,0.118,-5.595,0.0402,94.933,0.487,77,231000
15,14,"Bigger Than The Whole Sky","Midnights (3am Edition)","2022-10-22",15,"0BiqmkasE5FdrChwKfVp8X",0.826,0.422,0.235,0.00648,0.115,-12.379,0.0568,165.71,0.068,76,218502
16,15,"Paris","Midnights (3am Edition)","2022-10-22",16,"7712gjoih4QoDbXpljEk21",0.112,0.7,0.509,3.27e-05,0.137,-10.547,0.0789,110.947,0.345,76,196258
132,131,"You Belong With Me (Taylor’s Version)","Fearless (Taylor's Version)","2021-04-09",6,"1qrpoAMXodY6895hGKoUpA",0.0623,0.632,0.773,0,0.0885,-4.856,0.0346,130.033,0.474,76,231124
665,664,"Wildest Dreams","1989","2014-01-01",9,"3fVnlF4pGqWI9flVENcT28",0.0709,0.553,0.664,0.0056,0.106,-7.417,0.0741,140.06,0.467,76,220440
7,6,"Question...?","Midnights (3am Edition)","2022-10-22",7,"6C7OF1Jal7YkyjzyUG8vkK",0.226,0.751,0.502,0,0.297,-8.777,0.162,108.989,0.112,75,210556
17,16,"High Infidelity","Midnights (3am Edition)","2022-10-22",17,"5kiZGSxgqPdv6rbqL9THdd",0.723,0.646,0.529,0,0.0885,-10.179,0.0864,87.862,0.755,75,231475
53,52,"Mastermind","Midnights","2022-10-21",13,"7FmYn9e7KHMXcxqGSj9LjH",0.553,0.662,0.357,0.00129,0.0837,-14.064,0.154,125.966,0.124,75,191039
203,202,"champagne problems","evermore","2020-12-11",2,"0sY6ZUTh4yoctD8VIXz339",0.92,0.462,0.24,0,0.113,-12.077,0.0377,171.319,0.32,75,244000
337,336,"exile (feat. Bon Iver)","folklore","2020-07-24",4,"4pvb0WLRcMtbPGmtejJJ6y",0.778,0.298,0.38,5.62e-05,0.11,-8.426,0.0287,75.602,0.152,75,285634
369,368,"The Man","Lover","2019-08-23",4,"3RauEVgRgj1IuWdJ9fDs70",0.0767,0.777,0.658,0,0.0901,-5.191,0.054,110.048,0.633,75,190360
403,402,"Delicate","reputation","2017-11-10",5,"6NFyWDv5CjfwuzoCkw47Xf",0.216,0.75,0.404,0.000357,0.0911,-10.178,0.0682,95.045,0.0499,75,232253
404,403,"Look What You Made Me Do","reputation","2017-11-10",6,"1P17dC1amhFzptugyAO7Il",0.204,0.766,0.709,1.41e-05,0.126,-6.471,0.123,128.07,0.506,75,211853
406,405,"Gorgeous","reputation","2017-11-10",8,"1ZY1PqizIl78geGM4xWlEA",0.0713,0.8,0.535,9.48e-06,0.213,-6.684,0.135,92.027,0.451,75,209680
50,49,"Labyrinth","Midnights","2022-10-21",10,"0A1JLUlkZkp2EFrosoNQi0",0.785,0.406,0.306,0.488,0.122,-15.48,0.0517,110.014,0.122,74,247962
52,51,"Sweet Nothing","Midnights","2022-10-21",12,"0wavGRldH0AWyu2zvTz8zb",0.964,0.337,0.156,7.72e-05,0.115,-14.919,0.0518,176.655,0.39,74,188496
202,201,"willow","evermore","2020-12-11",1,"0lx2cLdOt3piJbcaXIV74f",0.833,0.392,0.574,0.00179,0.145,-9.195,0.17,81.112,0.529,74,214706
380,379,"Afterglow","Lover","2019-08-23",15,"1SymEzIT3H8UZfibCs3TYi",0.13,0.756,0.449,0,0.114,-8.746,0.0344,111.011,0.399,74,223293
18,17,"Glitch","Midnights (3am Edition)","2022-10-22",18,"6wAFvJPpTZVirBKGZ4EnMW",0.361,0.675,0.466,0,0.11,-9.738,0.201,140.864,0.347,73,148781
20,19,"Dear Reader","Midnights (3am Edition)","2022-10-22",20,"3QF5RsWzK1lCvf2o2cY65P",0.481,0.562,0.388,0.00145,0.117,-12.088,0.0705,107.747,0.159,73,225194
129,128,"Love Story (Taylor’s Version)","Fearless (Taylor's Version)","2021-04-09",3,"6YvqWjhGD8mB5QXcbcUKtx",0.13,0.627,0.792,3.97e-06,0.0845,-4.311,0.031,119.054,0.415,73,235766
168,167,"right where you left me - bonus track","evermore (deluxe version)","2021-01-07",16,"3zwMVvkBe2qIKDObWgXw4N",0.769,0.581,0.619,0.000106,0.117,-6.524,0.0282,137.915,0.645,73,245026
334,333,"the 1","folklore","2020-07-24",1,"0Jlcvv8IykzHaSmj49uNW8",0.757,0.777,0.357,7.28e-06,0.108,-6.942,0.0522,139.883,0.172,73,210251
379,378,"You Need To Calm Down","Lover","2019-08-23",14,"6RRNNciQGZEXnqk8SQ9yv5",0.00929,0.771,0.671,0,0.0637,-5.617,0.0553,85.026,0.714,73,171360
381,380,"ME! (feat. Brendon Urie of Panic! At The Disco)","Lover","2019-08-23",16,"2Rk4JlNc2TPmZe2af99d45",0.033,0.61,0.83,0,0.118,-4.105,0.0571,182.162,0.728,73,193000
399,398,"...Ready For It?","reputation","2017-11-10",1,"2yLa0QULdQr0qAIvVwN6B5",0.0527,0.613,0.764,0,0.197,-6.509,0.136,160.015,0.417,73,208186
664,663,"Bad Blood","1989","2014-01-01",8,"0TvQLMecTE8utzoNmvXRbK",0.0871,0.652,0.802,6.45e-06,0.148,-6.114,0.181,170.157,0.295,73,211933
68,67,"Red (Taylor's Version)","Red (Taylor's Version)","2021-11-12",2,"4OAuvHryIVv4kMDNSLuPt6",0.00108,0.516,0.777,1.62e-06,0.0761,-4.908,0.0375,125.047,0.408,72,223093
338,337,"my tears ricochet","folklore","2020-07-24",5,"1MgV7FIyNxIG7WzMRJV5HC",0.806,0.456,0.263,0,0.0749,-10.63,0.0332,129.86,0.111,72,255893
339,338,"mirrorball","folklore","2020-07-24",6,"0ZNU020wNYvgW84iljPkPP",0.687,0.553,0.413,2.33e-06,0.0594,-10.037,0.0334,110.107,0.379,72,208977
401,400,"I Did Something Bad","reputation","2017-11-10",3,"4svZDCRz4cJoneBpjpx8DJ",0.0679,0.696,0.602,2.11e-05,0.0696,-6.156,0.159,82.989,0.305,72,238253
883,882,"Enchanted","Speak Now","2010-10-25",9,"04S1pkp1VaIqjg8zZqknR5",0.0716,0.535,0.618,0.000388,0.169,-3.913,0.0273,81.975,0.228,72,352200
342,341,"this is me trying","folklore","2020-07-24",9,"7kt9e9LFSpN1zQtYEl19o1",0.314,0.515,0.476,4.74e-05,0.171,-9.843,0.0328,135.886,0.412,71,195097
376,375,"London Boy","Lover","2019-08-23",11,"1LLXZFeAHK9R4xUramtUKw",0.0246,0.695,0.71,0.000104,0.133,-6.639,0.05,157.925,0.557,71,190240
383,382,"Daylight","Lover","2019-08-23",18,"1fzAuUVbzlhZ1lJAx9PtY6",0.808,0.557,0.496,0.000173,0.0772,-9.602,0.0563,149.983,0.265,71,293453
400,399,"End Game","reputation","2017-11-10",2,"2x0WlnmfG39ZuDmstl9xfX",0.00845,0.649,0.589,0,0.108,-6.237,0.0558,159.073,0.151,71,244826
410,409,"Dress","reputation","2017-11-10",12,"6oVxXO5oQ4pTpO8RSnkzvv",0.0329,0.719,0.469,0,0.169,-8.792,0.0533,120.085,0.0851,71,230373
412,411,"Call It What You Want","reputation","2017-11-10",14,"1GwMQaZz6Au3QLDbjbMdme",0.186,0.598,0.504,0.000221,0.34,-9.874,0.0731,163.954,0.252,71,203506
70,69,"I Knew You Were Trouble (Taylor's Version)","Red (Taylor's Version)","2021-11-12",4,"6AtZLIzUINvExIUy4QhdjP",0.0129,0.584,0.557,0,0.0576,-6.371,0.0342,154.008,0.767,70,219760
71,70,"All Too Well (Taylor's Version)","Red (Taylor's Version)","2021-11-12",5,"3nsfB1vus2qaloUdcBZvDu",0.0171,0.44,0.528,0.00203,0.234,-7.809,0.0317,185.972,0.132,70,329160
74,73,"We Are Never Ever Getting Back Together (Taylor's Version)","Red (Taylor's Version)","2021-11-12",8,"5YqltLsjdqFtvqE7Nrysvs",0.0317,0.567,0.686,1.86e-06,0.0732,-6.139,0.175,172.014,0.716,70,193146
89,88,"Nothing New (feat. Phoebe Bridgers) (Taylor’s Version) (From The Vault)","Red (Taylor's Version)","2021-11-12",23,"01K4zKU104LyJ8gMb7227B",0.817,0.606,0.377,0,0.154,-9.455,0.0275,101.96,0.446,70,258812
92,91,"I Bet You Think About Me (feat. Chris Stapleton) (Taylor’s Version) (From The Vault)","Red (Taylor's Version)","2021-11-12",26,"4CkgMiMqZ5JzW9iYXSTMTL",0.167,0.391,0.715,0,0.183,-4.516,0.0495,149.654,0.473,70,285106
371,370,"I Think He Knows","Lover","2019-08-23",6,"2YWtcWi3a83pdEg3Gif4Pd",0.00889,0.897,0.366,0.000353,0.0715,-8.029,0.0569,100.003,0.416,70,173386
374,373,"Cornelia Street","Lover","2019-08-23",9,"12M5uqx0ZuwkpLp5rJim1a",0.781,0.824,0.624,0.000189,0.1,-9.728,0.0827,102.012,0.248,70,287266
375,374,"Death By A Thousand Cuts","Lover","2019-08-23",10,"2dgFqt3w9xIQRjhPtwNk3D",0.454,0.712,0.732,0,0.319,-6.754,0.0629,94.071,0.313,70,198533
408,407,"King Of My Heart","reputation","2017-11-10",10,"7HuBDWi18s4aJM8UFnNheH",0.00882,0.675,0.703,2.21e-06,0.0391,-7.902,0.0382,110.01,0.314,70,214320
91,90,"Message In A Bottle (Taylor's Version) (From The Vault)","Red (Taylor's Version)","2021-11-12",25,"3z6XUommYDWPHeFhmhhT6j",0.00188,0.622,0.791,3.72e-06,0.083,-6.106,0.0535,115.915,0.494,69,225960
95,94,"The Very First Night (Taylor's Version) (From The Vault)","Red (Taylor's Version)","2021-11-12",29,"6pYNq0ZwpPVazKzsqpf0G8",0.00115,0.678,0.733,0,0.104,-5.025,0.0281,121.009,0.581,69,200280
343,342,"illicit affairs","folklore","2020-07-24",10,"2NmsngXHeC1GQ9wWrzhOMf",0.881,0.559,0.31,0,0.106,-10.445,0.0338,119.845,0.46,69,190898
366,365,"I Forgot That You Existed","Lover","2019-08-23",1,"43rA71bccXFGD4C8GOpIlN",0.298,0.664,0.316,2.03e-06,0.0812,-10.345,0.519,92.875,0.541,69,170640
370,369,"The Archer","Lover","2019-08-23",5,"3pHkh7d0lzM2AldUtz2x37",0.12,0.292,0.574,0.00569,0.0663,-9.375,0.0401,124.344,0.166,69,211240
409,408,"Dancing With Our Hands Tied","reputation","2017-11-10",11,"7I7JbDv63ZJJsSi24DyJrz",0.0604,0.624,0.691,1.1e-05,0.138,-6.686,0.196,160.024,0.284,69,211506
72,71,"22 (Taylor's Version)","Red (Taylor's Version)","2021-11-12",6,"3yII7UwgLF6K5zW3xad3MP",0.000443,0.642,0.695,1.02e-05,0.0753,-5.62,0.0281,103.984,0.642,68,230960
80,79,"Everything Has Changed (feat. Ed Sheeran) (Taylor’s Version)","Red (Taylor's Version)","2021-11-12",14,"7qEUFOVcxRI19tbT68JcYK",0.271,0.498,0.61,0,0.223,-5.098,0.0363,79.918,0.474,68,245426
148,147,"Mr. Perfectly Fine (Taylor’s Version) (From The Vault)","Fearless (Taylor's Version)","2021-04-09",22,"2CYVETnhM9aytqrazYYwrK",0.162,0.66,0.817,0,0.0667,-6.269,0.0521,135.942,0.714,68,277591
344,343,"invisible string","folklore","2020-07-24",11,"6VsvKPJ4xjVNKpI8VVZ3SV",0.838,0.653,0.452,7.73e-05,0.108,-11.143,0.055,83.433,0.45,68,252880
372,371,"Miss Americana & The Heartbreak Prince","Lover","2019-08-23",7,"214nt20w5wOxJnY462klLw",0.028,0.662,0.747,0.00615,0.138,-6.926,0.0736,150.088,0.487,68,234146
378,377,"False God","Lover","2019-08-23",13,"5hQSXkFgbxjZo9uCwd11so",0.736,0.739,0.32,0.000147,0.111,-10.862,0.239,79.97,0.351,68,200306
411,410,"This Is Why We Can't Have Nice Things","reputation","2017-11-10",13,"07NxDD1iKCHbAldceD7QLP",0.0156,0.567,0.789,0,0.382,-5.986,0.115,163.96,0.438,68,207133
685,684,"New Romantics","1989 (Deluxe)","2014-01-01",16,"0qAIiGFKLdV1xpNlEhjpq8",0.00463,0.633,0.889,0.000458,0.0658,-5.87,0.0715,121.956,0.584,68,230466
94,93,"Run (feat. Ed Sheeran) (Taylor’s Version) (From The Vault)","Red (Taylor's Version)","2021-11-12",28,"4IQkfUsrwXol38VV3U7t7T",0.817,0.61,0.488,0,0.312,-6.918,0.0293,125.039,0.443,67,240226
127,126,"Fearless (Taylor’s Version)","Fearless (Taylor's Version)","2021-04-09",1,"77sMIMlNaSURUAXq5coCxE",0.0122,0.569,0.741,0,0.333,-4.963,0.0282,100.118,0.43,67,241591
204,203,"gold rush","evermore","2020-12-11",3,"5BK0uqwY9DNfZ630STAEaq",0.83,0.512,0.462,0.166,0.121,-10.491,0.0408,112.05,0.353,67,185320
347,346,"betty","folklore","2020-07-24",14,"5kI4eCXXzyuIUXjQra0Cxi",0.6,0.593,0.377,0,0.0976,-8.761,0.0253,95.939,0.502,67,294521
413,412,"New Year’s Day","reputation","2017-11-10",15,"7F5oktn5YOsR9eR5YsFtqb",0.921,0.661,0.151,0,0.13,-12.864,0.0354,94.922,0.23,67,235466
673,672,"Out Of The Woods","1989 (Deluxe)","2014-01-01",4,"0qUnBLZ8bJqUNEeQgayL9t",0.000743,0.553,0.841,1.19e-05,0.341,-6.937,0.0396,92.008,0.338,67,235800
877,876,"Back To December","Speak Now","2010-10-25",3,"5l6GqSxplqnZbLg0LTPQeG",0.0202,0.517,0.606,0,0.324,-5.797,0.0289,141.929,0.296,67,293040
1059,1058,"You Belong With Me","Fearless","2008-11-11",6,"3GCL1PydwsLodcpv0Ll1ch",0.162,0.687,0.783,1.35e-05,0.114,-4.44,0.0386,129.964,0.443,67,231133
1188,1187,"Our Song","Taylor Swift","2006-10-24",11,"15DeqWWQB4dcEWzJg15VrN",0.111,0.668,0.672,0,0.329,-4.931,0.0303,89.011,0.539,67,201106
76,75,"The Last Time (feat. Gary Lightbody of Snow Patrol) (Taylor’s Version)","Red (Taylor's Version)","2021-11-12",10,"0y6kdSRCVQhSsHSpWvTUm7",0.0399,0.502,0.534,0,0.0977,-5.954,0.0278,94.05,0.155,66,299080
88,87,"Better Man (Taylor's Version) (From The Vault)","Red (Taylor's Version)","2021-11-12",22,"4OmFmE0fzcMG6g0Y8p4eSD",0.214,0.473,0.579,0,0.0877,-5.824,0.0384,73.942,0.255,66,297013
90,89,"Babe (Taylor's Version) (From The Vault)","Red (Taylor's Version)","2021-11-12",24,"0v4z1tuZvn6LGknom9Qx7d",0.0538,0.584,0.743,2.83e-06,0.121,-7.075,0.0931,167.844,0.746,66,224240
206,205,"tolerate it","evermore","2020-12-11",5,"0PurA4JVJ8YQgSVopY8fn6",0.878,0.316,0.361,2.67e-05,0.0797,-10.381,0.0488,74.952,0.221,66,245440
336,335,"the last great american dynasty","folklore","2020-07-24",3,"2Eeur20xVqfUoM3Q7EFPFt",0.467,0.686,0.662,0.0023,0.109,-8.505,0.0413,147.922,0.706,66,230999
340,339,"seven","folklore","2020-07-24",7,"6KJqZcs9XDgVck7Lg9QOTC",0.9,0.596,0.488,2.7e-05,0.091,-10.769,0.0274,94.926,0.415,66,208906
67,66,"State Of Grace (Taylor's Version)","Red (Taylor's Version)","2021-11-12",1,"6lzc0Al0zfZOIFsFvBS1ki",0.000328,0.594,0.713,0,0.114,-5.314,0.0503,129.958,0.328,65,295413
69,68,"Treacherous (Taylor's Version)","Red (Taylor's Version)","2021-11-12",3,"3S7HNKPakdwNEBFIVTL6dZ",0.0344,0.645,0.593,0.000127,0.13,-6.506,0.0288,109.984,0.299,65,242720
78,77,"Sad Beautiful Tragic (Taylor's Version)","Red (Taylor's Version)","2021-11-12",12,"73qMN9bXy7MSPwwGfH3wQr",0.622,0.601,0.406,9.19e-05,0.133,-11.827,0.0275,130.059,0.232,65,284773
82,81,"Begin Again (Taylor's Version)","Red (Taylor's Version)","2021-11-12",16,"05GsNucq8Bngd9fnd4fRa0",0.075,0.519,0.527,0,0.132,-7.673,0.0274,78.915,0.267,65,238866
84,83,"Come Back...Be Here (Taylor's Version)","Red (Taylor's Version)","2021-11-12",18,"4pNApnaUWAL2J4KO2eqokq",0.0158,0.46,0.632,0,0.0822,-6.031,0.0302,79.846,0.399,65,223333
137,136,"Forever & Always (Taylor’s Version)","Fearless (Taylor's Version)","2021-04-09",11,"1msEuwSBneBKpVCZQcFTsU",0.0231,0.598,0.821,0,0.143,-4.433,0.0447,128.03,0.673,65,225328
211,210,"ivy","evermore","2020-12-11",10,"19CSr8rwW05VJL2F91KFNK",0.855,0.515,0.545,1.97e-05,0.0921,-9.277,0.0353,88.856,0.535,65,260440
405,404,"So It Goes...","reputation","2017-11-10",7,"5PxFv9yJEg9dxvbZggykro",0.122,0.574,0.61,1.1e-06,0.13,-7.283,0.0732,74.957,0.374,65,227906
1056,1055,"Love Story","Fearless","2008-11-11",3,"1vrd6UOGamcKNGnSHJQlSt",0.17,0.618,0.741,0,0.0822,-3.95,0.031,118.984,0.296,65,235266
73,72,"I Almost Do (Taylor's Version)","Red (Taylor's Version)","2021-11-12",7,"2r9CbjYgFhtAmcFv1cSquB",0.0167,0.511,0.559,0,0.113,-6.587,0.0264,145.88,0.248,64,244586
128,127,"Fifteen (Taylor’s Version)","Fearless (Taylor's Version)","2021-04-09",2,"2nqio0SfWg6gh2eCtfuMa5",0.116,0.559,0.646,0,0.32,-4.61,0.0272,95.466,0.289,64,294419
169,168,"it’s time to go - bonus track","evermore (deluxe version)","2021-01-07",17,"1kdWw77ZpYOkhxeuhzU1j6",0.801,0.592,0.41,1.39e-05,0.09,-12.426,0.0397,151.923,0.416,64,254640
207,206,"no body, no crime (feat. HAIM)","evermore","2020-12-11",6,"3RaT22zZsxVYxxKR7TAaYF",0.418,0.546,0.613,0,0.103,-7.589,0.0264,79.015,0.535,64,215626
316,315,"the lakes - bonus track","folklore (deluxe version)","2020-08-18",17,"0eFQWVz0qIxDOvhLpZ40P7",0.842,0.313,0.258,1.3e-06,0.0948,-11.532,0.0383,179.947,0.268,64,211813
377,376,"Soon You’ll Get Better (feat. The Chicks)","Lover","2019-08-23",12,"4AYtqFyFbX0Xkc2wtcygTr",0.907,0.433,0.182,0,0.123,-12.566,0.0641,207.476,0.421,64,201586
382,381,"It’s Nice To Have A Friend","Lover","2019-08-23",17,"1SmiQ65iSAbPto6gPFlBYm",0.971,0.737,0.175,0.000337,0.171,-9.912,0.0401,70.008,0.545,64,150440
682,681,"Clean","1989 (Deluxe)","2014-01-01",13,"1NmVZsG18CzCAtw7rnV3yA",0.232,0.815,0.377,0,0.1,-7.754,0.0346,103.97,0.211,64,271000
1179,1178,"Picture To Burn","Taylor Swift","2006-10-24",2,"32mVHdy0bi1XKgr0ajsBlG",0.173,0.658,0.877,0,0.0962,-2.098,0.0323,105.586,0.821,64,173066
75,74,"Stay Stay Stay (Taylor's Version)","Red (Taylor's Version)","2021-11-12",9,"7eQj6r5PIdYKEIZjucBMcq",0.0848,0.693,0.681,0,0.0768,-7.039,0.025,100.02,0.663,63,205786
130,129,"Hey Stephen (Taylor’s Version)","Fearless (Taylor's Version)","2021-04-09",4,"550erGcdD9n6PnwxrvYqZT",0.106,0.788,0.571,0,0.0934,-6.135,0.0296,115.99,0.797,63,254254
131,130,"White Horse (Taylor’s Version)","Fearless (Taylor's Version)","2021-04-09",5,"5YL553x8sHderRBDlm3NM3",0.369,0.423,0.517,0,0.177,-7.377,0.0486,185.262,0.366,63,234515
156,155,"‘tis the damn season","evermore (deluxe version)","2021-01-07",4,"6sQckd3Z8NPxVVKUnavY1F",0.735,0.575,0.434,6.59e-05,0.105,-8.193,0.0312,145.916,0.348,63,229840
345,344,"mad woman","folklore","2020-07-24",12,"2QDyYdZyhlP2fp79KZX8Bi",0.655,0.592,0.699,1.68e-05,0.114,-8.995,0.0471,141.916,0.506,63,237258
348,347,"peace","folklore","2020-07-24",15,"7MbT4I8qGntX4fMdqMQgke",0.918,0.647,0.272,1.73e-05,0.0918,-12.906,0.0916,150.044,0.339,63,234000
349,348,"hoax","folklore","2020-07-24",16,"6MWoRt97mnSTXZhu3ggi9C",0.966,0.662,0.181,3.86e-06,0.133,-15.065,0.0415,118.819,0.429,63,220042
676,675,"I Wish You Would","1989 (Deluxe)","2014-01-01",7,"5gRYrtvyVyaCRvLt56OfuV",0.0158,0.653,0.893,4.95e-05,0.102,-5.966,0.0538,118.035,0.513,63,207440
683,682,"Wonderland","1989 (Deluxe)","2014-01-01",14,"6RvRzl1YJTDnUvdOtV21IK",0.0493,0.422,0.692,2.57e-05,0.177,-5.447,0.0549,184.014,0.197,63,245560
684,683,"You Are In Love","1989 (Deluxe)","2014-01-01",15,"2KrOAg6FftbjgSKdd2a4rS",0.707,0.474,0.48,0.000108,0.0903,-8.894,0.0622,170.109,0.319,63,267106
861,860,"Mine","Speak Now","2010-10-25",1,"0dBW6ZsW8skfvoRfgeerBF",0.00265,0.624,0.757,1.87e-06,0.189,-2.94,0.0296,121.07,0.658,63,230706
77,76,"Holy Ground (Taylor's Version)","Red (Taylor's Version)","2021-11-12",11,"7J4b3LVCIGO4CMBDFLPoP6",0.0288,0.622,0.809,0.00218,0.109,-5.623,0.0638,156.894,0.511,62,202960
79,78,"The Lucky One (Taylor's Version)","Red (Taylor's Version)","2021-11-12",13,"4e5ayHsOLJNLTGfjau2mEw",0.066,0.686,0.571,0,0.0608,-7.138,0.05,117.889,0.538,62,240466
93,92,"Forever Winter (Taylor's Version) (From The Vault)","Red (Taylor's Version)","2021-11-12",27,"3oGVx9RBmiYGv5ZCecWLkx",0.256,0.611,0.552,0,0.134,-5.828,0.031,116.012,0.41,62,263533
145,144,"The Other Side Of The Door (Taylor’s Version)","Fearless (Taylor's Version)","2021-04-09",19,"1cSFlSBdpT4F5vb1frQ231",0.0279,0.432,0.873,0,0.167,-4.367,0.0577,163.936,0.629,62,238443
161,160,"coney island (feat. The National)","evermore (deluxe version)","2021-01-07",9,"2awNGIJHodfLZSClB3PYhz",0.819,0.537,0.537,0.000904,0.142,-11.266,0.0617,107.895,0.292,62,275320
208,207,"happiness","evermore","2020-12-11",7,"73YUReisjb3A9ActdLLjJQ",0.87,0.559,0.334,0,0.114,-10.733,0.0376,122.079,0.211,62,315146
212,211,"cowboy like me","evermore","2020-12-11",11,"1XjHRolIXL2M1EEOUsGGR4",0.768,0.604,0.517,0.000155,0.123,-9.014,0.0347,127.967,0.511,62,275040
216,215,"evermore (feat. Bon Iver)","evermore","2020-12-11",15,"3O5osWf1rSoKMwe6E9ZaXP",0.937,0.39,0.27,0.00227,0.111,-10.673,0.0308,125.177,0.32,62,304106
346,345,"epiphany","folklore","2020-07-24",13,"08fa9LFcFBTcilB3iq2e2A",0.731,0.354,0.267,0.000402,0.0858,-13.69,0.0281,94.219,0.113,62,289749
657,656,"Welcome To New York","1989","2014-01-01",1,"10nqz67NQWWa7XPq7ycihi",0.038,0.793,0.634,1.76e-06,0.304,-4.807,0.0324,117.023,0.615,62,212600
679,678,"How You Get The Girl","1989 (Deluxe)","2014-01-01",10,"0fM9dEhUFV4MHDuJgrcfOv",0.00364,0.765,0.656,0.00868,0.0918,-6.112,0.0504,119.997,0.545,62,247533
866,865,"Mean","Speak Now","2010-10-25",6,"5yEPktRqvIhko5QFF3aBhQ",0.452,0.568,0.761,0,0.217,-3.987,0.0459,163.974,0.789,62,237733
878,877,"Speak Now","Speak Now","2010-10-25",4,"7dXKdjpOaH2iwfFKmUj7aq",0.101,0.708,0.601,0,0.0979,-3.75,0.0306,118.962,0.742,62,240773
954,953,"Better Than Revenge","Speak Now (Deluxe Edition)","2010-10-25",10,"1By2VQkUN0Frd8mKNV5NYC",0.0139,0.516,0.917,6.37e-06,0.36,-3.186,0.0827,145.821,0.635,62,217160
1180,1179,"Teardrops On My Guitar - Radio Single Remix","Taylor Swift","2006-10-24",3,"7zMcNqs55Mxer82bvZFkpg",0.288,0.621,0.417,0,0.119,-6.941,0.0231,99.953,0.289,62,203040
81,80,"Starlight (Taylor's Version)","Red (Taylor's Version)","2021-11-12",15,"7A2cNLRT0YJc1yjxHlKihs",0.00324,0.628,0.685,0,0.18,-5.864,0.0358,126.014,0.605,61,220413
83,82,"The Moment I Knew (Taylor's Version)","Red (Taylor's Version)","2021-11-12",17,"0NRHj8hDwwmSPaA41o379r",0.0494,0.636,0.402,0,0.107,-7.855,0.031,125.952,0.208,61,285280
135,134,"You’re Not Sorry (Taylor’s Version)","Fearless (Taylor's Version)","2021-04-09",9,"6iiAfo4wTA2CVC3Uwx9uh8",0.0538,0.506,0.444,0,0.123,-4.99,0.0285,133.873,0.241,61,261842
141,140,"Untouchable (Taylor’s Version)","Fearless (Taylor's Version)","2021-04-09",15,"0tQ9vBYpldCuikPsbgOVKA",0.0181,0.393,0.531,0,0.169,-6.112,0.0329,200.391,0.224,61,312107
150,149,"That’s When (feat. Keith Urban) (Taylor’s Version) (From The Vault)","Fearless (Taylor's Version)","2021-04-09",24,"7eResoqEJJAVTkQYSqvO3P",0.225,0.588,0.608,0,0.092,-7.062,0.0365,90.201,0.508,61,189495
151,150,"Don’t You (Taylor’s Version) (From The Vault)","Fearless (Taylor's Version)","2021-04-09",25,"4uuEGH5SVuzkkSFjo2DEiY",0.514,0.563,0.473,1.2e-05,0.109,-11.548,0.0503,101.934,0.405,61,208608
164,163,"long story short","evermore (deluxe version)","2021-01-07",12,"5VYWxXUpxuxEmCqMLDqICo",0.66,0.546,0.73,0.179,0.0972,-7.704,0.0417,157.895,0.573,61,215920
661,660,"All You Had To Do Was Stay","1989","2014-01-01",5,"4NNolUeL5m2ju7kf8pdg6H",0.00196,0.602,0.735,4.77e-05,0.105,-5.778,0.0337,96.969,0.472,61,193293
862,861,"Sparks Fly","Speak Now","2010-10-25",2,"6d9IiDcFxtFVIvt9pCqyGH",0.0396,0.605,0.787,1.42e-06,0.163,-3.002,0.0308,114.987,0.374,61,260933
867,866,"The Story Of Us","Speak Now","2010-10-25",7,"3RBluWmSoG2pGA1OePzGJI",0.00478,0.543,0.818,0.000368,0.0357,-3.611,0.0398,139.898,0.683,61,265666
1186,1185,"Should've Said No","Taylor Swift","2006-10-24",9,"16MVSD0mGI4RMQT83Qzm69",0.0103,0.476,0.777,0,0.196,-3.771,0.0289,167.964,0.472,61,242200
85,84,"Girl At Home (Taylor's Version)","Red (Taylor's Version)","2021-11-12",19,"0DMVrlMUn01M0IcpDbwgu7",0.00955,0.691,0.736,1.88e-05,0.101,-6.974,0.0326,125.089,0.612,60,220520
133,132,"Breathe (feat. Colbie Caillat) (Taylor’s Version)","Fearless (Taylor's Version)","2021-04-09",7,"7HC7R2D8WjXVcUHJyEGjRs",0.156,0.506,0.626,0,0.228,-6.066,0.0287,148.035,0.321,60,263377
160,159,"dorothea","evermore (deluxe version)","2021-01-07",8,"66tOfHVH3aUrscg8vExRV4",0.696,0.605,0.488,0,0.129,-8.322,0.0264,119.966,0.354,60,225880
165,164,"marjorie","evermore (deluxe version)","2021-01-07",13,"5uICWmZTLkpEVbK22PBP6e",0.876,0.535,0.561,0.000136,0.115,-11.609,0.0484,96.103,0.287,60,257773
709,708,"All Too Well","Red (Deluxe Edition)","2012-10-22",5,"6GNRkaWUB0Lwc19SdkTgx8",0.0382,0.602,0.609,2e-04,0.128,-7.803,0.0243,93.06,0.337,60,329160
1178,1177,"Tim McGraw","Taylor Swift","2006-10-24",1,"0Om9WAB5RS09L80DyOfTNa",0.575,0.58,0.491,0,0.121,-6.462,0.0251,76.009,0.425,60,232106
86,85,"State Of Grace (Acoustic Version) (Taylor's Version)","Red (Taylor's Version)","2021-11-12",20,"5jAIouBES8LWMiriuNq170",0.663,0.445,0.131,1.57e-06,0.108,-13.778,0.0564,208.918,0.101,59,321640
134,133,"Tell Me Why (Taylor’s Version)","Fearless (Taylor's Version)","2021-04-09",8,"0k0vFacOHNuArLWMiH60p7",0.0222,0.578,0.909,0,0.333,-3.669,0.0628,100.023,0.541,59,200575
140,139,"Jump Then Fall (Taylor’s Version)","Fearless (Taylor's Version)","2021-04-09",14,"2m3ObD945KvpE5y9A1eUWm",0.0474,0.572,0.69,0,0.0897,-6.201,0.0358,160.111,0.624,59,237580
142,141,"Forever & Always (Piano Version) (Taylor’s Version)","Fearless (Taylor's Version)","2021-04-09",16,"01QdEx6kFr78ZejhQtWR5m",0.819,0.546,0.273,0,0.137,-9.208,0.0308,118.753,0.271,59,267833
146,145,"Today Was A Fairytale (Taylor’s Version)","Fearless (Taylor's Version)","2021-04-09",20,"2JoJrsEV15OzbijS47lids",0.0135,0.482,0.779,0,0.296,-5.025,0.0409,158.162,0.328,59,241822
149,148,"We Were Happy (Taylor’s Version) (From The Vault)","Fearless (Taylor's Version)","2021-04-09",23,"34V9RiEPe8MNdU32qJsJa1",0.849,0.609,0.373,0,0.0779,-8.819,0.0263,106.007,0.13,59,244236
152,151,"Bye Bye Baby (Taylor’s Version) (From The Vault)","Fearless (Taylor's Version)","2021-04-09",26,"4qUijfYU8EoIWiY6oSyrgT",0.334,0.624,0.624,0,0.0995,-7.86,0.0539,80.132,0.527,59,242157
692,691,"I Knew You Were Trouble.","Red","2012-10-22",4,"72jCZdH0Lhg93z6Z4hBjgj",0.00454,0.622,0.469,2.25e-06,0.0398,-6.798,0.0363,77.019,0.679,59,217973
879,878,"Dear John","Speak Now","2010-10-25",5,"3K2es3gElMRJ3qvmPW442g",0.183,0.583,0.468,1.65e-06,0.111,-5.378,0.0278,119.375,0.126,59,403933
138,137,"The Best Day (Taylor’s Version)","Fearless (Taylor's Version)","2021-04-09",12,"6ON9UuIq49xXY9GPmHIYRp",0.488,0.642,0.576,0,0.159,-8.524,0.0282,125,0.469,58,245290
147,146,"You All Over Me (feat. Maren Morris) (Taylor’s Version) (From The Vault)","Fearless (Taylor's Version)","2021-04-09",21,"4CHpVfAhuxNJ3ibExe6kxO",0.816,0.599,0.494,0,0.101,-7.61,0.0372,142.893,0.44,58,220839
166,165,"closure","evermore (deluxe version)","2021-01-07",14,"6a8aUhYbaQBUI8PcJ5ZmQ6",0.835,0.689,0.704,4.83e-06,0.134,-10.813,0.245,151.884,0.92,58,180653
634,633,"I Know Places","1989 (Deluxe Edition)","2014-10-27",12,"2zfgVd034GlUvk7LqBHl6u",0.245,0.602,0.755,0,0.178,-4.991,0.071,159.965,0.495,58,195706
690,689,"Red","Red","2012-10-22",2,"0cITLOYn1Sv4q27zZPqlNK",0.0773,0.602,0.896,8.87e-05,0.091,-4.267,0.0437,124.978,0.641,58,220826
712,711,"We Are Never Ever Getting Back Together","Red (Deluxe Edition)","2012-10-22",8,"6kISMRfweKSvgHR0urMQFG",0.00957,0.628,0.676,2.65e-05,0.121,-5.911,0.0916,85.984,0.75,58,193146
873,872,"Last Kiss","Speak Now","2010-10-25",13,"4h0EXpatqJImv4VRgvX6po",0.57,0.371,0.341,3.09e-05,0.101,-9.475,0.0319,89.038,0.196,58,367133
87,86,"Ronan (Taylor's Version)","Red (Taylor's Version)","2021-11-12",21,"7nWui6jiMM2m9qFmET1Mtj",0.661,0.623,0.279,0,0.193,-10.802,0.031,116.04,0.38,57,264253
139,138,"Change (Taylor’s Version)","Fearless (Taylor's Version)","2021-04-09",13,"3ExweHKZF9B752DPQByRVT",0.000191,0.499,0.815,0,0.181,-4.063,0.0341,95.999,0.344,57,279359
143,142,"Come In With The Rain (Taylor’s Version)","Fearless (Taylor's Version)","2021-04-09",17,"1n2wszmJyVkw6FHqyLnQsY",0.0406,0.476,0.564,0,0.102,-5.677,0.0269,143.929,0.167,57,237338
710,709,"22","Red (Deluxe Edition)","2012-10-22",6,"3WC5CVAahvn98hiseoIvbw",0.00215,0.661,0.729,0.0013,0.0477,-6.561,0.0376,103.987,0.668,57,232120
872,871,"Haunted","Speak Now","2010-10-25",12,"28M2gifMU282QBM3fKajIS",0.0826,0.436,0.95,1.08e-06,0.149,-2.627,0.057,162.088,0.352,57,242080
144,143,"Superstar (Taylor’s Version)","Fearless (Taylor's Version)","2021-04-09",18,"51A8eKvvZz9uydvIZ7xRSV",0.157,0.454,0.555,0,0.343,-6.69,0.0283,171.862,0.171,56,263865
680,679,"This Love","1989 (Deluxe)","2014-01-01",11,"4L560fic5PaTuCFm6CviKa",0.678,0.481,0.435,0,0.0928,-8.795,0.0321,143.95,0.107,56,250093
888,887,"Long Live","Speak Now","2010-10-25",14,"4ewAfHYpDTzpW1GKO44CVP",0.0426,0.412,0.682,7.47e-05,0.106,-4.319,0.0339,203.959,0.146,56,317960
952,951,"Never Grow Up","Speak Now (Deluxe Edition)","2010-10-25",8,"74WBGgUnpKrJXt6TETfR6Z",0.819,0.714,0.305,0,0.174,-8.837,0.0305,124.91,0.554,55,290466
959,958,"Ours","Speak Now (Deluxe Edition)","2010-10-25",15,"1EQn3Uc5AyUXoiPLeyCrrg",0.537,0.608,0.569,0,0.097,-7.227,0.0284,159.845,0.238,55,237920
960,959,"If This Was A Movie","Speak Now (Deluxe Edition)","2010-10-25",16,"0vvt4IZOMkRug195S4MUq0",0.166,0.511,0.719,4.54e-06,0.34,-3.457,0.0265,147.852,0.289,54,234546
1055,1054,"Fifteen","Fearless","2008-11-11",2,"4t0OI7XrODjSkAu3bTPmWj",0.067,0.556,0.651,0,0.145,-4.396,0.0266,95.485,0.203,54,294333
702,701,"Everything Has Changed","Red","2012-10-22",14,"4NAmRvqSITAAzKWnC8yRq3",0.36,0.624,0.458,3.89e-06,0.303,-6.755,0.0287,80.017,0.436,53,243933
704,703,"Begin Again","Red","2012-10-22",16,"0L4YCNRfXAoTvdpWeH2RGj",0.199,0.53,0.526,3.52e-06,0.232,-8.349,0.0263,79.025,0.323,53,237613
1054,1053,"Fearless","Fearless","2008-11-11",1,"6Eu31gddWw0gOGO506pJYA",0.04,0.594,0.712,0,0.309,-4.418,0.0273,99.972,0.476,53,241986
1058,1057,"White Horse","Fearless","2008-11-11",5,"6wn61Fzx9XMxQmieLpoIhW",0.305,0.578,0.34,0,0.104,-8.027,0.0264,92.702,0.223,53,234426
1063,1062,"The Way I Loved You","Fearless","2008-11-11",10,"5P4wWhUYWM0IaVYLuZxdar",0.0408,0.433,0.7,0,0.115,-3.709,0.0336,160.927,0.398,53,244226
1187,1186,"Mary's Song (Oh My My My)","Taylor Swift","2006-10-24",10,"2QrQCMel6v2JiLxqrg4p2O",0.0177,0.403,0.627,0,0.182,-5.28,0.0292,74.9,0.374,53,213080
1189,1188,"I'm Only Me When I'm With You","Taylor Swift","2006-10-24",12,"0JIdBrXGSJXS72zjF9ss9u",0.00452,0.563,0.934,0.000807,0.103,-3.629,0.0646,143.964,0.518,53,213053
871,870,"Innocent","Speak Now","2010-10-25",11,"5GPwN5iZ9ZMSXAkppj4Uvv",0.186,0.552,0.608,0,0.125,-5.29,0.0259,134.05,0.17,52,302253
1182,1181,"Cold As You","Taylor Swift","2006-10-24",5,"7an1exwMnfYRcdVQm0yDev",0.217,0.418,0.482,0,0.123,-5.769,0.0266,175.558,0.261,52,239013
875,874,"Mine - POP Mix","Speak Now","2010-10-25",1,"0GxW5K0qzrq7L1jwSY5OmY",0.00461,0.696,0.768,1.21e-06,0.101,-3.863,0.0308,121.05,0.692,51,230546
962,961,"Back To December - Acoustic","Speak Now (Deluxe Edition)","2010-10-25",18,"6IH2Z54gYPLqgJtxZjX80i",0.748,0.541,0.453,0,0.2,-6.459,0.0266,141.757,0.377,51,292560
1181,1180,"A Place in this World","Taylor Swift","2006-10-24",4,"73OX8GdpOeGzKC6OvGSbsv",0.051,0.576,0.777,0,0.32,-2.881,0.0324,115.028,0.428,51,199200
961,960,"Superman","Speak Now (Deluxe Edition)","2010-10-25",17,"2R7C9dDqv1UPycvepBFziA",0.0268,0.582,0.765,1.95e-06,0.103,-3.648,0.0324,131.982,0.559,50,275960
963,962,"Haunted - Acoustic Version","Speak Now (Deluxe Edition)","2010-10-25",19,"62rlxI6g2PNaWsHoiRryto",0.842,0.563,0.443,0,0.293,-5.078,0.0247,80.962,0.313,50,217613
1184,1183,"Tied Together with a Smile","Taylor Swift","2006-10-24",7,"6K0CJLVXqbGMeJSmJ4ENKK",0.525,0.479,0.578,0,0.0841,-4.963,0.0294,146.165,0.192,50,248106
1185,1184,"Stay Beautiful","Taylor Swift","2006-10-24",8,"2ZoOmCSgj0ypVAmGd1ve4y",0.0868,0.594,0.629,0,0.137,-4.919,0.0246,131.597,0.504,50,236053
1192,1191,"Teardrops on My Guitar - Pop Version","Taylor Swift","2006-10-24",15,"4pJi1rVt9GNegU9kywjg4z",0.0402,0.459,0.753,0,0.0863,-3.827,0.0537,199.997,0.483,50,179066
1183,1182,"The Outside","Taylor Swift","2006-10-24",6,"2QA3IixpRcKyOdG7XDzRgv",0.00491,0.589,0.805,0,0.24,-4.055,0.0293,112.982,0.591,49,207106
1190,1189,"Invisible","Taylor Swift","2006-10-24",13,"5OOd01o2YS1QFwdpVLds3r",0.637,0.612,0.394,0,0.147,-5.723,0.0243,96.001,0.233,49,203226
714,713,"The Last Time","Red (Deluxe Edition)","2012-10-22",10,"2Tz4JnXZOcjcp8fWfMjBBk",0.035,0.505,0.443,3.15e-06,0.0906,-7.039,0.0276,94.069,0.123,48,299013
1191,1190,"A Perfectly Good Heart","Taylor Swift","2006-10-24",14,"1spLfUJxtyVyiKKTegQ2r4",0.00349,0.483,0.751,0,0.128,-5.726,0.0365,156.092,0.268,48,220146
1064,1063,"Forever & Always","Fearless","2008-11-11",11,"47HtKpfzpAt8rQjjXWotFj",0.0752,0.608,0.821,0,0.11,-4.985,0.0576,128.042,0.544,47,225320
722,721,"Come Back...Be Here","Red (Deluxe Edition)","2012-10-22",18,"1n8rB9AhxiAvVP1E2c3yOd",0.00471,0.483,0.548,2.01e-06,0.0997,-6.291,0.0254,79.926,0.217,46,223920
705,704,"State Of Grace","Red (Deluxe Edition)","2012-10-22",1,"0b16LTzby1YRVd2nq2Z0fw",0.000197,0.588,0.825,0.00138,0.0884,-5.882,0.0328,129.968,0.397,45,295720
711,710,"I Almost Do","Red (Deluxe Edition)","2012-10-22",7,"1eyqSYBCTane4rl4vc6PWJ",0.0173,0.567,0.481,4.13e-05,0.182,-7.357,0.027,145.865,0.233,45,244560
713,712,"Stay Stay Stay","Red (Deluxe Edition)","2012-10-22",9,"0F2S1QlnMaOfmNHIgmES3k",0.307,0.729,0.748,1.29e-06,0.0962,-6.67,0.0245,99.981,0.928,45,205853
1057,1056,"Hey Stephen","Fearless","2008-11-11",4,"4WXzzCof26KJLTK5kK53dS",0.194,0.841,0.544,2.48e-06,0.108,-7.347,0.0309,115.994,0.831,45,254306
1120,1119,"Untouchable","Fearless (Platinum Edition)","2008-11-11",2,"6ovFJkdau79DuXEvQjPaNH",0.0583,0.419,0.454,3.78e-06,0.0974,-6.809,0.0335,200.017,0.288,45,311040
707,706,"Treacherous","Red (Deluxe Edition)","2012-10-22",3,"7nECwCDHS1JvQbrmuorZIH",0.101,0.704,0.621,4.3e-06,0.14,-8.086,0.0334,109.995,0.395,44,242760
1062,1061,"You're Not Sorry","Fearless","2008-11-11",9,"0HmCuN0Z3OX1Qrz43FLOPL",0.146,0.475,0.452,1.36e-06,0.108,-4.134,0.027,133.959,0.276,44,261786
1065,1064,"The Best Day","Fearless","2008-11-11",12,"3esA216TyLHEkNiBCeCmcg",0.647,0.666,0.434,1.95e-06,0.124,-8.543,0.0289,126.084,0.396,44,245333
715,714,"Holy Ground","Red (Deluxe Edition)","2012-10-22",11,"3KmYVOuK2eG7LGP7qQ8DLR",0.0162,0.627,0.816,0.00208,0.0965,-6.698,0.0774,157.043,0.648,43,202960
717,716,"The Lucky One","Red (Deluxe Edition)","2012-10-22",13,"5VQLMrWhailAhErKNUSnv1",0.0371,0.706,0.499,0,0.132,-7.675,0.0369,117.937,0.545,43,240266
719,718,"Starlight","Red (Deluxe Edition)","2012-10-22",15,"1gL4vMhDV3RgJQmDuY5HK1",0.0213,0.649,0.777,0.000335,0.21,-5.804,0.0406,126.018,0.587,43,220600
716,715,"Sad Beautiful Tragic","Red (Deluxe Edition)","2012-10-22",12,"70e9zuv2pJc7ON1OUAJ1zl",0.632,0.624,0.34,0.0337,0.0805,-12.411,0.029,129.987,0.261,42,284866
1060,1059,"Breathe","Fearless","2008-11-11",7,"49mWEy5MgtNujgT7xU3emT",0.379,0.505,0.482,0,0.113,-7.372,0.0276,73.975,0.184,42,263973
1061,1060,"Tell Me Why","Fearless","2008-11-11",8,"3rnI1UCyGJvUTVvT97VQr5",0.0571,0.604,0.855,3.65e-06,0.343,-3.097,0.038,99.96,0.51,42,200546
1119,1118,"Jump Then Fall","Fearless (Platinum Edition)","2008-11-11",1,"6WWvcA62QlnRguluWAk6bv",0.111,0.618,0.687,0,0.0693,-5.737,0.0271,79.991,0.82,42,237066
1121,1120,"Forever & Always - Piano Version","Fearless (Platinum Edition)","2008-11-11",3,"13MAWVUSkbGMUi6I7RowRK",0.852,0.592,0.16,0,0.116,-10.785,0.0347,118.929,0.294,42,267506
721,720,"The Moment I Knew","Red (Deluxe Edition)","2012-10-22",17,"4qTAwKJQ68gmnrnfPD3vlO",0.187,0.619,0.506,1.47e-05,0.101,-7.327,0.0315,126.03,0.274,41,286613
726,725,"State Of Grace - Acoustic","Red (Deluxe Edition)","2012-10-22",22,"5mfDBWY7ncZFm7ykmFTG4i",0.664,0.626,0.118,0.000169,0.127,-15.91,0.0305,105.597,0.0682,41,323080
1066,1065,"Change","Fearless","2008-11-11",13,"1yACRKAwlXWhXXFUSkvzhD",0.00408,0.541,0.77,0,0.117,-4.17,0.0354,96.013,0.215,40,280240
1122,1121,"Come In With The Rain","Fearless (Platinum Edition)","2008-11-11",4,"0cEG04R5cldkTLzK6phlcn",0.0961,0.527,0.461,2.47e-06,0.24,-6.172,0.0256,143.94,0.23,40,238093
1124,1123,"The Other Side Of The Door","Fearless (Platinum Edition)","2008-11-11",6,"1yDJcXc549N6AabNBzFAku",0.169,0.476,0.816,0,0.238,-4.279,0.0347,163.847,0.469,40,237600
723,722,"Girl At Home","Red (Deluxe Edition)","2012-10-22",19,"6VFpuI0DDmbC5UyWZQ4IRY",0.272,0.733,0.59,0,0.134,-5.86,0.0284,125.048,0.633,39,220840
1123,1122,"SuperStar","Fearless (Platinum Edition)","2008-11-11",5,"0XfTh16YcKPzdxMPTeKTAq",0.367,0.61,0.531,0,0.351,-6.123,0.0239,85.979,0.228,39,261453
1035,1034,"Teardrops On My Guitar","Fearless","2008-11-11",15,"7gfzBsM4xaMb8c2WdpzEat",0.0174,0.514,0.554,0.00572,0.118,-6.338,0.0258,99.947,0.171,22,194653
1037,1036,"Love Story - J Stax Radio Mix","Fearless","2008-11-11",17,"4i0M7glXqIIRKPwbLtpExi",0.00664,0.696,0.827,0.0031,0.297,-6.464,0.0313,127.997,0.324,19,221800
1020,1019,"I Heart ?","Fearless","2008-11-11",20,"2HxTSD72RBQR31HtyX72sf",0.0472,0.706,0.818,0,0.327,-3.335,0.0267,105.995,0.64,14,197346
1017,1016,"Beautiful Eyes","Fearless","2008-11-11",17,"1a5kAD0K7zijLlZokbRDe2",0.383,0.529,0.7,0,0.0967,-3.303,0.026,96.019,0.372,9,179240
1018,1017,"Picture To Burn - Radio Edit","Fearless","2008-11-11",18,"3eappfX5EGKcctHz904vNj",0.0803,0.661,0.859,0,0.0926,-2.445,0.0315,105.583,0.802,7,173333
